model,method,repetition_rate,self_bleu,texts_with_repetition,max_repetition_in_text,distinct_1,distinct_2,distinct_3,type_token_ratio,vocabulary_size,avg_length,num_outputs
gpt2,greedy,83.451536643026,0.0031479129183422227,100.0,14,0.10722610722610723,0.1451990632318501,0.15764705882352942,0.1048951048951049,45,214.5,2
gpt2,nucleus_0.95,0.3215434083601286,0.004815685468829928,50.0,2,0.6025236593059937,0.9238095238095239,0.987220447284345,0.5678233438485805,180,158.5,2
